epoch,time,train/box_loss,train/cls_loss,train/dfl_loss,metrics/precision(B),metrics/recall(B),metrics/mAP50(B),metrics/mAP50-95(B),val/box_loss,val/cls_loss,val/dfl_loss,lr/pg0,lr/pg1,lr/pg2
1,4.33982,1.35771,4.6418,1.04202,0.5972,0.2359,0.20109,0.1258,1.06639,2.26454,0.92939,8.888e-05,8.888e-05,8.888e-05
2,8.1692,1.1323,1.3204,0.98866,0.39513,0.43237,0.34266,0.21649,1.05431,8.9879,0.97717,0.000188496,0.000188496,0.000188496
3,11.94,1.10702,1.02573,0.99317,0.46493,0.40997,0.38435,0.22714,1.14674,2.33715,0.99197,0.000287716,0.000287716,0.000287716
4,15.653,1.08681,0.97078,0.99677,0.41717,0.52411,0.39784,0.23349,1.19027,2.76359,1.015,0.00038654,0.00038654,0.00038654
5,19.4524,1.07361,0.86795,0.97822,0.27934,0.55024,0.29758,0.17338,1.14432,inf,1.04405,0.000484968,0.000484968,0.000484968
6,23.1346,1.06617,0.77177,0.99635,0.43587,0.56295,0.38125,0.22767,1.09437,7.43662,1.03151,0.000583001,0.000583001,0.000583001
7,26.6409,1.12805,0.96368,0.98858,0.3532,0.50852,0.35706,0.20308,1.26459,3.74,1.08627,0.000680637,0.000680637,0.000680637
8,30.1087,1.10665,0.82844,1.01091,0.57072,0.53995,0.49718,0.309,1.10006,1.58332,1.04207,0.000777877,0.000777877,0.000777877
9,34.0433,1.1296,0.84117,1.00051,0.57355,0.6045,0.54337,0.32463,1.12745,1.27873,1.05037,0.000874721,0.000874721,0.000874721
10,37.8195,1.12458,0.74924,0.997,0.49896,0.69727,0.47938,0.26403,1.28424,1.91377,1.11966,0.00097117,0.00097117,0.00097117
11,41.2966,1.1227,0.72872,0.98321,0.65476,0.56376,0.56704,0.36564,1.09168,1.06778,1.02839,0.00106722,0.00106722,0.00106722
12,45.0264,1.12941,0.73619,1.00052,0.65121,0.56333,0.55933,0.32122,1.20946,0.98449,1.07112,0.0010868,0.0010868,0.0010868
13,48.653,1.10756,0.67478,0.98333,0.57441,0.66122,0.62076,0.37971,1.11159,0.98326,1.04538,0.0010846,0.0010846,0.0010846
14,52.3008,1.06934,0.68164,0.98911,0.63899,0.58437,0.60026,0.36047,1.1435,0.76535,1.04701,0.0010824,0.0010824,0.0010824
15,55.7735,1.04685,0.68424,0.97599,0.67828,0.55431,0.62356,0.36233,1.08508,0.82764,1.02747,0.0010802,0.0010802,0.0010802
16,59.2547,1.05999,0.74826,0.96651,0.5562,0.63266,0.60957,0.38138,1.07905,0.93071,1.03479,0.001078,0.001078,0.001078
17,63.0348,1.02406,0.6975,0.97393,0.60024,0.53989,0.53767,0.32288,1.05926,0.93253,1.0179,0.0010758,0.0010758,0.0010758
18,66.5004,1.00284,0.69926,0.96085,0.66729,0.52816,0.65159,0.39006,1.07711,1.0296,1.02492,0.0010736,0.0010736,0.0010736
19,70.157,1.0011,0.66759,0.94805,0.60531,0.67251,0.604,0.37939,1.08225,0.91708,1.03646,0.0010714,0.0010714,0.0010714
20,73.78,1.00294,0.64345,0.94033,0.71814,0.68517,0.6619,0.38512,1.08695,0.82801,1.03486,0.0010692,0.0010692,0.0010692
21,77.2129,0.9807,0.64746,0.97071,0.67926,0.63051,0.65137,0.3763,1.04154,0.83449,1.00083,0.001067,0.001067,0.001067
22,80.6728,1.00672,0.62441,0.95812,0.80988,0.5647,0.65231,0.40593,1.11428,0.84113,1.03596,0.0010648,0.0010648,0.0010648
23,84.35,0.99905,0.64878,0.95162,0.59328,0.65612,0.59837,0.35303,1.07949,0.80654,1.01603,0.0010626,0.0010626,0.0010626
24,87.9865,0.98676,0.61666,0.95413,0.62879,0.68601,0.66113,0.40639,1.06234,0.74759,1.01132,0.00106041,0.00106041,0.00106041
25,91.7493,0.98914,0.61164,0.93791,0.71652,0.68194,0.69327,0.42312,1.07488,0.73442,1.02372,0.00105821,0.00105821,0.00105821
26,95.4051,0.96464,0.61554,0.94139,0.65336,0.66044,0.65311,0.40505,1.06434,0.74594,1.0176,0.00105601,0.00105601,0.00105601
27,98.8593,0.96369,0.60506,0.94335,0.77772,0.67567,0.73419,0.44697,1.0763,0.70188,1.0219,0.00105381,0.00105381,0.00105381
28,102.697,0.96948,0.59326,0.95331,0.65697,0.68177,0.65174,0.38744,1.05795,0.76794,1.01723,0.00105161,0.00105161,0.00105161
29,106.142,0.97424,0.59023,0.9443,0.6323,0.72812,0.6742,0.40295,1.08258,0.72647,1.0307,0.00104941,0.00104941,0.00104941
30,109.584,0.92572,0.57335,0.93106,0.69591,0.68509,0.68832,0.41803,1.03491,0.75273,1.0215,0.00104721,0.00104721,0.00104721
31,113.018,0.94925,0.59397,0.91555,0.61757,0.61626,0.62562,0.38431,1.05076,0.78946,1.00662,0.00104501,0.00104501,0.00104501
32,116.631,0.98325,0.6489,0.93903,0.73924,0.64449,0.69725,0.42804,1.08332,0.68583,1.00708,0.00104281,0.00104281,0.00104281
33,120.088,0.98819,0.62861,0.94275,0.67522,0.66497,0.70903,0.43792,1.08021,0.69368,1.00668,0.00104061,0.00104061,0.00104061
34,123.523,1.02236,0.62432,0.94958,0.64077,0.66556,0.71753,0.43728,1.10043,0.74001,1.00664,0.00103841,0.00103841,0.00103841
35,126.954,1.00965,0.59843,0.94327,0.73656,0.54569,0.62398,0.37881,1.13739,0.76575,1.00841,0.00103621,0.00103621,0.00103621
36,130.494,0.95199,0.57906,0.93709,0.70684,0.66134,0.71125,0.4526,1.06355,0.69138,0.99957,0.00103401,0.00103401,0.00103401
37,134.164,0.94885,0.59542,0.9336,0.67739,0.67909,0.71211,0.46376,1.062,0.72871,0.99788,0.00103181,0.00103181,0.00103181
38,137.872,0.93713,0.57964,0.92957,0.59675,0.67958,0.70081,0.45155,1.03062,0.70211,0.98819,0.00102961,0.00102961,0.00102961
39,141.314,0.91394,0.57301,0.93189,0.75948,0.63979,0.71624,0.46281,1.00923,0.66844,1.00025,0.00102741,0.00102741,0.00102741
40,144.926,0.95421,0.58369,0.92398,0.79456,0.67812,0.70544,0.44504,1.04066,0.7462,0.99811,0.00102521,0.00102521,0.00102521
41,148.353,0.907,0.54986,0.94388,0.66626,0.70522,0.72276,0.46345,1.00801,0.66632,0.9856,0.00102301,0.00102301,0.00102301
42,152.066,0.94586,0.55519,0.9193,0.68914,0.68735,0.7096,0.44899,1.07506,0.67192,1.00566,0.00102081,0.00102081,0.00102081
43,155.526,0.92598,0.55149,0.92724,0.71024,0.62085,0.6803,0.42718,1.02352,0.68947,0.99013,0.00101861,0.00101861,0.00101861
44,159.161,0.93721,0.564,0.92508,0.63019,0.7065,0.6862,0.44486,1.02694,0.67956,0.97334,0.00101641,0.00101641,0.00101641
45,162.623,0.9609,0.56686,0.92366,0.68301,0.66039,0.70472,0.44608,1.0689,0.67452,1.00059,0.00101421,0.00101421,0.00101421
46,166.079,0.97369,0.58351,0.92965,0.69996,0.66785,0.68273,0.43123,1.03291,0.67411,0.98123,0.00101201,0.00101201,0.00101201
47,169.542,0.90038,0.54465,0.91546,0.60907,0.63943,0.62985,0.39302,1.07897,0.71413,1.0009,0.00100981,0.00100981,0.00100981
48,173.306,0.91968,0.53075,0.91896,0.65313,0.67668,0.6661,0.40987,1.00282,0.731,0.97045,0.00100761,0.00100761,0.00100761
49,176.81,0.91297,0.52905,0.91524,0.66987,0.72249,0.65956,0.40259,1.02229,0.6842,0.97796,0.00100541,0.00100541,0.00100541
50,180.338,0.88422,0.52157,0.92178,0.70819,0.74872,0.68226,0.42521,1.02728,0.67799,0.98409,0.00100321,0.00100321,0.00100321
51,183.833,0.89954,0.52814,0.90843,0.72613,0.65126,0.6852,0.42137,1.05165,0.68752,0.99377,0.00100101,0.00100101,0.00100101
52,187.458,0.89193,0.54962,0.91535,0.70505,0.71955,0.70943,0.4536,1.03362,0.69203,0.98864,0.000998811,0.000998811,0.000998811
53,190.874,0.87949,0.50958,0.91383,0.60877,0.71797,0.67672,0.41875,1.00667,0.72079,0.98601,0.000996611,0.000996611,0.000996611
54,194.307,0.89225,0.52909,0.91095,0.7149,0.77604,0.7381,0.44649,1.05207,0.65298,0.99178,0.000994412,0.000994412,0.000994412
55,197.769,0.89926,0.52716,0.91332,0.71318,0.71827,0.71504,0.43596,1.0364,0.67716,0.99039,0.000992212,0.000992212,0.000992212
56,201.403,0.8693,0.55138,0.90761,0.65495,0.72951,0.68651,0.4037,1.03696,0.67768,1.00592,0.000990012,0.000990012,0.000990012
57,204.867,0.89678,0.52357,0.89649,0.72589,0.70364,0.72262,0.43492,1.01723,0.67557,0.98729,0.000987812,0.000987812,0.000987812
58,208.316,0.87547,0.51739,0.90809,0.62939,0.75278,0.70359,0.43662,1.03534,0.66965,1.00829,0.000985613,0.000985613,0.000985613
59,211.761,0.84321,0.52991,0.89905,0.62283,0.71392,0.71148,0.45939,0.99906,0.63931,0.98172,0.000983413,0.000983413,0.000983413
60,215.274,0.81707,0.48169,0.89043,0.6723,0.74737,0.71196,0.42937,1.03906,0.69905,0.99899,0.000981213,0.000981213,0.000981213
61,218.856,0.84524,0.52011,0.89461,0.71259,0.75445,0.75135,0.44832,1.04064,0.68785,0.99298,0.000979013,0.000979013,0.000979013
62,222.286,0.88209,0.50883,0.91009,0.67647,0.73875,0.73257,0.46183,1.0093,0.65918,0.9867,0.000976813,0.000976813,0.000976813
63,225.746,0.85656,0.50897,0.89152,0.78277,0.71027,0.75268,0.48589,1.02894,0.63752,0.99229,0.000974614,0.000974614,0.000974614
64,229.433,0.83516,0.50164,0.89357,0.73428,0.75816,0.74003,0.49251,1.0083,0.66149,0.97733,0.000972414,0.000972414,0.000972414
65,233.212,0.85006,0.50355,0.90664,0.74771,0.71184,0.73672,0.4907,1.01999,0.66487,0.98721,0.000970214,0.000970214,0.000970214
66,236.645,0.84763,0.48353,0.90446,0.74613,0.70276,0.71101,0.47579,1.00757,0.63804,0.98932,0.000968014,0.000968014,0.000968014
67,240.102,0.83509,0.47771,0.90185,0.73406,0.67421,0.69997,0.47328,1.02473,0.66219,0.98375,0.000965815,0.000965815,0.000965815
68,243.59,0.82989,0.49498,0.90353,0.71243,0.74248,0.71848,0.46716,1.02517,0.66631,0.98063,0.000963615,0.000963615,0.000963615
69,247.17,0.8723,0.51307,0.89652,0.81141,0.65351,0.73676,0.48673,1.01681,0.65658,0.97654,0.000961415,0.000961415,0.000961415
70,250.636,0.83576,0.48728,0.87959,0.64195,0.75229,0.71716,0.46933,1.0145,0.65709,0.99067,0.000959215,0.000959215,0.000959215
71,254.088,0.83536,0.5048,0.89145,0.69504,0.74517,0.72726,0.45767,1.05045,0.64699,0.99879,0.000957015,0.000957015,0.000957015
72,257.588,0.87893,0.50142,0.90273,0.71677,0.72723,0.69113,0.44976,1.02963,0.71681,1.00328,0.000954816,0.000954816,0.000954816
73,261.18,0.89779,0.49382,0.91463,0.72118,0.74533,0.72262,0.45145,1.11609,0.69065,1.01219,0.000952616,0.000952616,0.000952616
74,264.644,0.89263,0.51815,0.9178,0.63933,0.72878,0.71325,0.45436,1.01571,0.7057,0.99101,0.000950416,0.000950416,0.000950416
75,268.105,0.84826,0.50618,0.9016,0.71894,0.67203,0.74074,0.46434,1.04377,0.74697,0.98645,0.000948216,0.000948216,0.000948216
76,271.592,0.83633,0.49352,0.89082,0.76976,0.68376,0.74408,0.4759,1.02432,0.73825,0.99264,0.000946016,0.000946016,0.000946016
77,275.191,0.84688,0.49284,0.8947,0.71961,0.75159,0.74307,0.46885,1.0149,0.69529,0.98943,0.000943817,0.000943817,0.000943817
78,278.654,0.81138,0.46987,0.88266,0.68217,0.77545,0.71534,0.45724,1.00293,0.67005,0.98202,0.000941617,0.000941617,0.000941617
79,282.136,0.81111,0.51784,0.89116,0.6301,0.75629,0.70025,0.43893,1.01704,0.71165,0.98997,0.000939417,0.000939417,0.000939417
80,285.638,0.82507,0.48137,0.87375,0.65885,0.73489,0.68845,0.44414,1.00523,0.72477,0.98363,0.000937217,0.000937217,0.000937217
81,289.219,0.79891,0.45801,0.88626,0.69805,0.75637,0.7116,0.44554,1.00437,0.68572,0.98516,0.000935018,0.000935018,0.000935018
82,292.669,0.80561,0.46009,0.87375,0.73578,0.72224,0.73803,0.4748,0.98242,0.65026,0.97809,0.000932818,0.000932818,0.000932818
83,296.137,0.80581,0.48266,0.87997,0.75324,0.69685,0.72594,0.45891,1.03014,0.66862,0.9866,0.000930618,0.000930618,0.000930618
84,299.634,0.84377,0.50397,0.89138,0.74471,0.70594,0.76832,0.49733,1.00065,0.6821,0.96077,0.000928418,0.000928418,0.000928418
85,303.475,0.80315,0.47575,0.87742,0.75158,0.72308,0.75243,0.48397,1.01142,0.71856,0.96909,0.000926218,0.000926218,0.000926218
86,306.936,0.79874,0.47827,0.87653,0.81707,0.69621,0.76427,0.48509,0.99778,0.64439,0.96642,0.000924019,0.000924019,0.000924019
87,310.448,0.81057,0.47452,0.88851,0.74505,0.72551,0.72403,0.47589,0.98434,0.64216,0.97677,0.000921819,0.000921819,0.000921819
88,313.948,0.79645,0.44832,0.86984,0.72344,0.68233,0.71036,0.47818,0.97034,0.63391,0.97436,0.000919619,0.000919619,0.000919619
89,317.576,0.80447,0.48132,0.88493,0.76229,0.75718,0.76369,0.51925,0.99006,0.6061,0.97932,0.000917419,0.000917419,0.000917419
90,321.263,0.77427,0.4521,0.86869,0.75368,0.73439,0.74012,0.48161,1.01049,0.65456,0.97978,0.00091522,0.00091522,0.00091522
91,324.76,0.80397,0.47092,0.87657,0.74191,0.80304,0.74407,0.4777,0.98463,0.67119,0.97556,0.00091302,0.00091302,0.00091302
92,328.258,0.80359,0.50359,0.89505,0.78773,0.72975,0.75122,0.47689,1.05393,0.66036,0.9904,0.00091082,0.00091082,0.00091082
93,331.867,0.83508,0.48304,0.88012,0.82605,0.66901,0.75956,0.4818,1.05923,0.68905,0.98901,0.00090862,0.00090862,0.00090862
94,335.34,0.82061,0.4684,0.88601,0.77836,0.73569,0.76509,0.49583,1.00636,0.67492,0.98096,0.00090642,0.00090642,0.00090642
95,338.811,0.79803,0.45968,0.8868,0.7478,0.78411,0.78199,0.49643,0.99983,0.65307,0.97838,0.000904221,0.000904221,0.000904221
96,342.304,0.76639,0.45621,0.87101,0.79029,0.73058,0.73785,0.46741,1.00374,0.67045,0.98877,0.000902021,0.000902021,0.000902021
97,345.882,0.79616,0.45537,0.87443,0.69139,0.72692,0.73566,0.47431,1.01522,0.65411,0.99401,0.000899821,0.000899821,0.000899821
98,349.391,0.82143,0.46454,0.88186,0.65096,0.78238,0.72417,0.45736,1.03537,0.7005,1.00657,0.000897621,0.000897621,0.000897621
99,352.852,0.82113,0.45926,0.89544,0.69572,0.78556,0.73742,0.47798,0.99357,0.68805,0.99892,0.000895422,0.000895422,0.000895422
100,356.502,0.77912,0.44032,0.88742,0.73545,0.74057,0.7219,0.46194,0.98858,0.67391,0.98681,0.000893222,0.000893222,0.000893222
101,359.967,0.76204,0.44756,0.86518,0.72224,0.70025,0.70899,0.45291,1.01261,0.70117,0.99706,0.000891022,0.000891022,0.000891022
102,363.453,0.74871,0.44352,0.88625,0.7368,0.7081,0.70428,0.45308,0.99495,0.65847,0.98316,0.000888822,0.000888822,0.000888822
103,366.974,0.77678,0.44329,0.88246,0.78626,0.66632,0.7104,0.45875,1.01424,0.67005,0.99363,0.000886622,0.000886622,0.000886622
104,370.663,0.79555,0.45407,0.88442,0.78474,0.71833,0.75408,0.49014,1.01182,0.68084,0.98905,0.000884423,0.000884423,0.000884423
105,374.146,0.74625,0.4426,0.88411,0.7759,0.77535,0.77917,0.49437,1.01364,0.63266,0.99012,0.000882223,0.000882223,0.000882223
106,377.662,0.76918,0.45265,0.87591,0.69773,0.76062,0.7689,0.48574,1.00565,0.63171,0.99198,0.000880023,0.000880023,0.000880023
107,381.143,0.78665,0.45347,0.86846,0.73656,0.68941,0.74552,0.47056,0.9961,0.63825,0.98126,0.000877823,0.000877823,0.000877823
108,384.796,0.7635,0.44914,0.87485,0.74822,0.71207,0.74587,0.49198,0.99197,0.64898,0.99179,0.000875624,0.000875624,0.000875624
109,388.281,0.76014,0.43374,0.87118,0.68149,0.77217,0.76444,0.49786,1.01033,0.64901,0.99061,0.000873424,0.000873424,0.000873424
110,391.773,0.745,0.44131,0.87435,0.72484,0.7125,0.77124,0.52192,0.97718,0.61738,0.9809,0.000871224,0.000871224,0.000871224
111,395.501,0.73925,0.4459,0.87587,0.66292,0.76024,0.74481,0.50112,0.98336,0.61283,0.98085,0.000869024,0.000869024,0.000869024
112,399.097,0.74574,0.45145,0.87291,0.68259,0.71162,0.72432,0.48727,1.00317,0.68093,0.98709,0.000866824,0.000866824,0.000866824
113,402.695,0.75056,0.43375,0.85928,0.6858,0.75177,0.73676,0.49385,1.00274,0.68801,0.98281,0.000864625,0.000864625,0.000864625
114,406.196,0.75998,0.44383,0.88132,0.71857,0.7863,0.75317,0.47761,1.02139,0.65666,1.00276,0.000862425,0.000862425,0.000862425
115,409.696,0.76827,0.4324,0.86623,0.68089,0.78438,0.74811,0.45358,1.00843,0.65002,0.99415,0.000860225,0.000860225,0.000860225
116,413.21,0.78261,0.44386,0.87679,0.67625,0.76747,0.75564,0.46828,1.06393,0.70296,1.00707,0.000858025,0.000858025,0.000858025
117,416.816,0.77192,0.4344,0.86427,0.72488,0.73069,0.75252,0.47414,1.01298,0.68067,0.98324,0.000855826,0.000855826,0.000855826
118,420.261,0.7527,0.43073,0.87324,0.7214,0.78286,0.78924,0.51126,1.03239,0.63727,0.98685,0.000853626,0.000853626,0.000853626
119,423.704,0.7424,0.43936,0.87105,0.71557,0.77525,0.77399,0.51158,0.99874,0.63365,0.98366,0.000851426,0.000851426,0.000851426
120,427.222,0.70509,0.43386,0.86251,0.69944,0.76657,0.77173,0.53045,0.99601,0.63799,0.98912,0.000849226,0.000849226,0.000849226
121,431.087,0.76743,0.44823,0.86403,0.75126,0.75451,0.7685,0.52206,1.00462,0.65213,0.98358,0.000847026,0.000847026,0.000847026
122,434.565,0.73717,0.42723,0.86211,0.71346,0.72611,0.74549,0.49587,0.98773,0.69987,0.9822,0.000844827,0.000844827,0.000844827
123,438.047,0.73351,0.43113,0.86817,0.6852,0.80114,0.76597,0.51321,0.97628,0.63092,0.9762,0.000842627,0.000842627,0.000842627
124,441.702,0.7155,0.43545,0.87484,0.71252,0.78892,0.77719,0.50187,1.01835,0.63135,0.99111,0.000840427,0.000840427,0.000840427
125,445.189,0.71447,0.42214,0.86551,0.75265,0.75091,0.75543,0.48807,1,0.65241,0.99058,0.000838227,0.000838227,0.000838227
126,448.678,0.72085,0.44827,0.85004,0.70724,0.70791,0.73081,0.46768,1.00487,0.64847,0.9816,0.000836027,0.000836027,0.000836027
127,452.136,0.70954,0.41133,0.85887,0.8019,0.70163,0.80041,0.49832,0.99702,0.63544,0.99247,0.000833828,0.000833828,0.000833828
128,455.784,0.70391,0.40229,0.85376,0.80446,0.73614,0.76107,0.48862,1.0003,0.65765,0.98596,0.000831628,0.000831628,0.000831628
129,459.274,0.70951,0.41042,0.86323,0.76461,0.72005,0.74106,0.49238,1.02059,0.67709,0.98679,0.000829428,0.000829428,0.000829428
130,462.745,0.70684,0.40787,0.86399,0.76636,0.78383,0.78283,0.52491,1.01008,0.65074,0.9921,0.000827228,0.000827228,0.000827228
131,466.223,0.70352,0.40927,0.84968,0.77029,0.75978,0.77095,0.51879,0.98397,0.64147,0.97211,0.000825029,0.000825029,0.000825029
132,469.895,0.74838,0.41752,0.85527,0.7957,0.74588,0.78092,0.51145,1.0161,0.6633,0.98282,0.000822829,0.000822829,0.000822829
133,473.336,0.71607,0.40543,0.85565,0.79434,0.75387,0.77001,0.50707,1.02132,0.68105,0.99639,0.000820629,0.000820629,0.000820629
134,476.783,0.72408,0.41042,0.85989,0.77565,0.73185,0.7674,0.5074,0.99916,0.66121,0.98424,0.000818429,0.000818429,0.000818429
135,480.238,0.70245,0.3974,0.85256,0.75535,0.73222,0.75621,0.50607,0.9699,0.65918,0.9648,0.000816229,0.000816229,0.000816229
136,483.875,0.72605,0.41959,0.85871,0.73418,0.70421,0.75596,0.50289,0.98497,0.67008,0.97043,0.00081403,0.00081403,0.00081403
137,487.325,0.69812,0.38872,0.85816,0.74501,0.72124,0.75301,0.49648,0.96183,0.62218,0.96999,0.00081183,0.00081183,0.00081183
138,490.761,0.70236,0.42646,0.85707,0.7728,0.7422,0.77009,0.51259,0.96162,0.62927,0.97059,0.00080963,0.00080963,0.00080963
139,494.196,0.717,0.40944,0.8477,0.77201,0.81456,0.80131,0.53436,0.95415,0.61299,0.96953,0.00080743,0.00080743,0.00080743
140,497.907,0.67539,0.39117,0.85543,0.74547,0.75623,0.76715,0.52006,0.96852,0.64635,0.96906,0.000805231,0.000805231,0.000805231
141,501.465,0.66033,0.37644,0.85011,0.72126,0.78077,0.75351,0.51023,0.97905,0.6708,0.97708,0.000803031,0.000803031,0.000803031
142,504.903,0.67245,0.39215,0.85275,0.71854,0.76065,0.746,0.51235,0.9728,0.68092,0.96661,0.000800831,0.000800831,0.000800831
143,508.356,0.68164,0.40181,0.85285,0.72491,0.77268,0.74694,0.49896,0.99301,0.68169,0.97176,0.000798631,0.000798631,0.000798631
144,511.874,0.704,0.40458,0.8476,0.74366,0.73663,0.75461,0.51505,0.97598,0.66506,0.97313,0.000796431,0.000796431,0.000796431
145,515.514,0.68836,0.39045,0.84618,0.77507,0.72018,0.76195,0.51662,0.98444,0.66013,0.97228,0.000794232,0.000794232,0.000794232
146,518.986,0.66493,0.38177,0.84718,0.78598,0.72003,0.78522,0.5343,0.97413,0.63058,0.96926,0.000792032,0.000792032,0.000792032
147,522.467,0.6965,0.39807,0.85591,0.75652,0.72658,0.76779,0.51446,1.00072,0.65007,0.98596,0.000789832,0.000789832,0.000789832
148,525.967,0.70572,0.38933,0.84573,0.78097,0.73784,0.76308,0.51159,0.97754,0.66325,0.99025,0.000787632,0.000787632,0.000787632
149,529.572,0.69971,0.39294,0.85547,0.78026,0.73613,0.74452,0.50754,0.98006,0.69214,0.98432,0.000785433,0.000785433,0.000785433
150,533.047,0.66881,0.38316,0.84891,0.79863,0.72972,0.77481,0.53383,0.969,0.66169,0.97167,0.000783233,0.000783233,0.000783233
151,536.524,0.68447,0.39235,0.85069,0.79622,0.781,0.7944,0.5466,0.98801,0.6487,0.97577,0.000781033,0.000781033,0.000781033
152,540.232,0.67645,0.38679,0.85636,0.76784,0.76545,0.81042,0.53283,1.01117,0.65187,0.98651,0.000778833,0.000778833,0.000778833
153,543.849,0.69084,0.4014,0.84745,0.78058,0.78153,0.7836,0.51327,0.98983,0.67,0.98341,0.000776633,0.000776633,0.000776633
154,547.297,0.65167,0.37689,0.85309,0.73666,0.79618,0.75713,0.50198,0.97444,0.65173,0.97325,0.000774434,0.000774434,0.000774434
155,550.771,0.67882,0.39188,0.84387,0.76106,0.76162,0.78823,0.52309,0.96603,0.63983,0.97503,0.000772234,0.000772234,0.000772234
156,554.267,0.64808,0.38347,0.85468,0.74057,0.74867,0.79346,0.52044,0.98279,0.64073,0.9759,0.000770034,0.000770034,0.000770034
157,557.915,0.68547,0.39349,0.84505,0.73225,0.74742,0.79074,0.53621,0.95297,0.63041,0.97224,0.000767834,0.000767834,0.000767834
158,561.411,0.63555,0.3602,0.83748,0.73508,0.72055,0.74059,0.49937,0.97964,0.66443,0.98166,0.000765635,0.000765635,0.000765635
159,564.866,0.65999,0.38607,0.84434,0.73344,0.72711,0.73074,0.48848,0.98279,0.68326,0.97887,0.000763435,0.000763435,0.000763435
160,568.384,0.66168,0.38782,0.84851,0.73641,0.77797,0.76516,0.52106,0.96248,0.67555,0.9679,0.000761235,0.000761235,0.000761235
161,571.968,0.63113,0.37961,0.84602,0.71151,0.77361,0.77962,0.53797,0.96011,0.668,0.9715,0.000759035,0.000759035,0.000759035
162,575.463,0.65891,0.39054,0.84549,0.67799,0.8189,0.74914,0.49843,0.98325,0.67757,0.97859,0.000756835,0.000756835,0.000756835
163,578.934,0.66027,0.38481,0.8408,0.74681,0.77007,0.75191,0.51035,0.99314,0.66646,0.98085,0.000754636,0.000754636,0.000754636
164,582.431,0.66447,0.38653,0.85184,0.74876,0.73405,0.73284,0.4778,0.99737,0.67833,0.98621,0.000752436,0.000752436,0.000752436
165,586.043,0.64718,0.38477,0.84633,0.76279,0.7717,0.77173,0.50498,0.98948,0.67093,0.993,0.000750236,0.000750236,0.000750236
166,589.496,0.66545,0.38623,0.84618,0.70119,0.81606,0.75722,0.50715,1.00009,0.65675,1.00154,0.000748036,0.000748036,0.000748036
167,592.961,0.65526,0.37962,0.85382,0.76553,0.75873,0.76421,0.51039,0.97148,0.63071,0.99019,0.000745837,0.000745837,0.000745837
168,596.467,0.65964,0.38183,0.84632,0.69115,0.8238,0.77055,0.52712,0.9815,0.66351,0.98969,0.000743637,0.000743637,0.000743637
169,600.105,0.66281,0.36972,0.84833,0.74529,0.77154,0.76236,0.51598,0.94636,0.69042,0.98567,0.000741437,0.000741437,0.000741437
170,603.602,0.64799,0.37093,0.85019,0.7988,0.697,0.7619,0.51749,0.95108,0.72102,0.97968,0.000739237,0.000739237,0.000739237
171,607.066,0.64823,0.3763,0.85366,0.76143,0.73539,0.74913,0.51974,0.94902,0.67416,0.97193,0.000737037,0.000737037,0.000737037
172,610.597,0.62824,0.3528,0.83817,0.74215,0.77925,0.78372,0.55572,0.95516,0.66665,0.9772,0.000734838,0.000734838,0.000734838
173,614.463,0.67752,0.38246,0.85403,0.76878,0.77874,0.7932,0.55152,0.95625,0.66666,0.97593,0.000732638,0.000732638,0.000732638
174,618.038,0.64518,0.37374,0.83898,0.77437,0.81116,0.79745,0.54948,0.95235,0.67886,0.97446,0.000730438,0.000730438,0.000730438
175,621.692,0.63263,0.36223,0.84094,0.7681,0.81306,0.80526,0.55391,0.95727,0.65034,0.97578,0.000728238,0.000728238,0.000728238
176,625.536,0.65933,0.37457,0.83967,0.74015,0.83038,0.8072,0.5564,0.97727,0.64551,0.97371,0.000726038,0.000726038,0.000726038
177,629.22,0.62951,0.36379,0.83697,0.73677,0.82828,0.8044,0.5491,0.96398,0.64223,0.97732,0.000723839,0.000723839,0.000723839
178,632.679,0.63239,0.36039,0.83735,0.73496,0.81249,0.78094,0.53494,0.95329,0.66818,0.97451,0.000721639,0.000721639,0.000721639
179,636.181,0.61639,0.35603,0.8275,0.77242,0.75229,0.77632,0.53068,0.94178,0.67202,0.9631,0.000719439,0.000719439,0.000719439
180,639.835,0.62064,0.35891,0.83242,0.80946,0.6696,0.75706,0.49823,0.96246,0.68036,0.96922,0.000717239,0.000717239,0.000717239
181,643.275,0.65165,0.37409,0.8328,0.71532,0.79002,0.77806,0.52286,0.96303,0.66369,0.97883,0.00071504,0.00071504,0.00071504
182,646.707,0.60612,0.34726,0.83688,0.7278,0.72566,0.75476,0.50364,0.96866,0.67889,0.98509,0.00071284,0.00071284,0.00071284
183,650.186,0.63341,0.35486,0.83902,0.74449,0.71075,0.76865,0.51338,0.95808,0.66478,0.97292,0.00071064,0.00071064,0.00071064
184,653.807,0.62917,0.35835,0.83645,0.75347,0.70049,0.76663,0.5267,0.9645,0.63846,0.97796,0.00070844,0.00070844,0.00070844
185,657.28,0.62384,0.35303,0.83505,0.67929,0.79843,0.77576,0.53093,0.98107,0.63367,0.98196,0.00070624,0.00070624,0.00070624
186,660.721,0.61235,0.36105,0.82622,0.7446,0.79671,0.7871,0.53607,0.95561,0.62705,0.98053,0.000704041,0.000704041,0.000704041
187,664.173,0.64001,0.34993,0.83486,0.76682,0.82833,0.79683,0.54811,0.96818,0.6407,0.97662,0.000701841,0.000701841,0.000701841
188,667.856,0.6171,0.37643,0.83931,0.74338,0.80643,0.76221,0.53758,0.97281,0.68828,0.97492,0.000699641,0.000699641,0.000699641
189,671.311,0.61733,0.3599,0.84186,0.75821,0.7803,0.76616,0.53354,0.95751,0.69917,0.9758,0.000697441,0.000697441,0.000697441
190,674.788,0.59689,0.34965,0.8287,0.78435,0.79328,0.76458,0.52806,0.95895,0.68085,0.98186,0.000695242,0.000695242,0.000695242
191,678.285,0.60374,0.35538,0.82878,0.76088,0.77909,0.77887,0.51849,0.9652,0.66818,0.98459,0.000693042,0.000693042,0.000693042
192,681.787,0.61525,0.35918,0.82833,0.70374,0.80001,0.77067,0.50722,0.97695,0.68743,1.00062,0.000690842,0.000690842,0.000690842
193,685.373,0.63309,0.36028,0.84778,0.6895,0.77097,0.76929,0.50973,0.97643,0.67614,0.98329,0.000688642,0.000688642,0.000688642
194,688.842,0.62993,0.3657,0.83327,0.71606,0.82347,0.79235,0.5317,0.96744,0.65099,0.9853,0.000686442,0.000686442,0.000686442
195,692.311,0.61073,0.35045,0.83115,0.77855,0.80511,0.80657,0.54061,0.94765,0.6615,0.97275,0.000684243,0.000684243,0.000684243
196,695.823,0.6442,0.3601,0.84558,0.75749,0.78465,0.78563,0.53563,0.96406,0.6803,0.97805,0.000682043,0.000682043,0.000682043
197,699.454,0.60659,0.35147,0.82819,0.75149,0.73119,0.78328,0.53504,0.95067,0.66232,0.98063,0.000679843,0.000679843,0.000679843
198,702.914,0.60046,0.35232,0.8274,0.78909,0.68672,0.79956,0.53692,0.9511,0.67259,0.98376,0.000677643,0.000677643,0.000677643
199,706.361,0.60122,0.35083,0.83202,0.73698,0.76174,0.81084,0.54686,0.95482,0.65963,0.97128,0.000675444,0.000675444,0.000675444
200,709.835,0.62174,0.35694,0.83877,0.76571,0.76146,0.81104,0.51984,0.98885,0.66963,0.99476,0.000673244,0.000673244,0.000673244
201,713.427,0.60771,0.35219,0.84497,0.76304,0.79197,0.82647,0.52578,0.98614,0.69054,0.99961,0.000671044,0.000671044,0.000671044
202,716.893,0.60281,0.35061,0.83528,0.81984,0.7454,0.80687,0.53641,0.97278,0.67335,0.98383,0.000668844,0.000668844,0.000668844
203,720.339,0.63223,0.36345,0.83399,0.76944,0.79931,0.80096,0.53212,0.99502,0.66418,0.98535,0.000666644,0.000666644,0.000666644
204,723.835,0.61437,0.36848,0.83465,0.71416,0.79778,0.75541,0.50576,0.97227,0.67531,0.98646,0.000664445,0.000664445,0.000664445
205,727.417,0.60102,0.35122,0.83451,0.74436,0.77271,0.74771,0.51329,0.98265,0.72818,0.98238,0.000662245,0.000662245,0.000662245
206,730.878,0.61943,0.35416,0.84062,0.76401,0.81072,0.783,0.52549,0.96945,0.69273,0.97193,0.000660045,0.000660045,0.000660045
207,734.376,0.62528,0.35858,0.8344,0.79257,0.79279,0.80167,0.54562,0.97991,0.68774,0.96697,0.000657845,0.000657845,0.000657845
208,737.999,0.60837,0.34915,0.83522,0.80722,0.80593,0.80968,0.5418,0.97177,0.64063,0.97317,0.000655646,0.000655646,0.000655646
209,741.446,0.59885,0.34764,0.83291,0.80753,0.76569,0.80632,0.52943,0.96688,0.64987,0.97971,0.000653446,0.000653446,0.000653446
210,744.886,0.61747,0.35835,0.83526,0.79158,0.78583,0.79902,0.5235,0.95199,0.64816,0.96819,0.000651246,0.000651246,0.000651246
211,748.533,0.64997,0.36506,0.84128,0.74453,0.77298,0.77436,0.50947,0.96684,0.68942,0.9692,0.000649046,0.000649046,0.000649046
212,752.16,0.59336,0.34252,0.82669,0.75012,0.78001,0.78283,0.51055,0.97277,0.7443,0.97989,0.000646846,0.000646846,0.000646846
213,755.616,0.60141,0.33957,0.8358,0.75026,0.80514,0.78034,0.51614,0.98749,0.70483,0.98319,0.000644647,0.000644647,0.000644647
214,759.074,0.58255,0.33156,0.82527,0.7367,0.78729,0.79042,0.52264,1.00298,0.69124,0.98396,0.000642447,0.000642447,0.000642447
215,762.567,0.58166,0.32836,0.82881,0.74406,0.78037,0.7894,0.52088,0.99752,0.68803,0.98661,0.000640247,0.000640247,0.000640247
216,766.185,0.5683,0.33066,0.83204,0.76269,0.79085,0.78875,0.53782,0.99578,0.69284,0.98897,0.000638047,0.000638047,0.000638047
217,769.66,0.5745,0.34331,0.82716,0.76864,0.81602,0.7793,0.53839,0.98137,0.66975,0.98241,0.000635848,0.000635848,0.000635848
218,773.128,0.55654,0.32487,0.82871,0.75001,0.82972,0.76903,0.52603,0.96715,0.67424,0.98089,0.000633648,0.000633648,0.000633648
219,776.581,0.54716,0.32594,0.82372,0.72239,0.77213,0.77443,0.53408,0.96206,0.68697,0.97543,0.000631448,0.000631448,0.000631448
220,780.059,0.57234,0.33308,0.81345,0.69674,0.81434,0.75594,0.51914,0.96884,0.66284,0.97831,0.000629248,0.000629248,0.000629248
221,783.674,0.60759,0.35568,0.83044,0.71645,0.81056,0.76339,0.51601,0.9644,0.6412,0.98293,0.000627048,0.000627048,0.000627048
222,787.159,0.57378,0.32903,0.82744,0.72439,0.80869,0.7869,0.52524,0.96205,0.64187,0.97659,0.000624849,0.000624849,0.000624849
223,790.621,0.5674,0.32665,0.82096,0.7619,0.75145,0.76373,0.50828,0.96189,0.64088,0.9815,0.000622649,0.000622649,0.000622649
224,794.116,0.56833,0.32464,0.81941,0.79211,0.74422,0.75181,0.50403,0.97609,0.65534,0.98577,0.000620449,0.000620449,0.000620449
225,797.708,0.56437,0.3265,0.82288,0.78648,0.75523,0.74847,0.49692,0.98684,0.67132,0.98836,0.000618249,0.000618249,0.000618249
226,801.271,0.59488,0.3398,0.82911,0.76392,0.76829,0.75252,0.50522,0.99057,0.66145,0.98956,0.000616049,0.000616049,0.000616049
227,804.774,0.58811,0.34501,0.82683,0.75925,0.74256,0.78814,0.54332,0.9756,0.64977,0.987,0.00061385,0.00061385,0.00061385
228,808.445,0.57717,0.33257,0.82583,0.74723,0.77536,0.77161,0.53867,0.96281,0.66966,0.98209,0.00061165,0.00061165,0.00061165
229,811.937,0.5837,0.3399,0.8346,0.76859,0.76781,0.78633,0.54187,0.97213,0.67121,0.98394,0.00060945,0.00060945,0.00060945
230,815.426,0.56685,0.33054,0.82045,0.76668,0.78428,0.80243,0.55207,0.95694,0.65882,0.98219,0.00060725,0.00060725,0.00060725
231,818.903,0.57484,0.33111,0.82169,0.77432,0.77943,0.8032,0.55204,0.95368,0.67727,0.98396,0.000605051,0.000605051,0.000605051
232,822.551,0.56693,0.32706,0.82524,0.77945,0.82296,0.82094,0.55932,0.95627,0.66394,0.98253,0.000602851,0.000602851,0.000602851
233,826.323,0.57834,0.33896,0.83938,0.72167,0.83874,0.80114,0.54566,0.96039,0.64473,0.98404,0.000600651,0.000600651,0.000600651
234,829.765,0.5982,0.33992,0.83379,0.72661,0.82891,0.80484,0.55373,0.96327,0.65596,0.98349,0.000598451,0.000598451,0.000598451
235,833.208,0.55427,0.32296,0.8234,0.72865,0.80768,0.78322,0.53468,0.96457,0.66006,0.97486,0.000596251,0.000596251,0.000596251
236,836.867,0.57032,0.32455,0.81968,0.7463,0.7316,0.75327,0.50613,0.96153,0.65375,0.97634,0.000594052,0.000594052,0.000594052
237,840.323,0.55061,0.32067,0.8165,0.72527,0.77355,0.78129,0.52612,0.96468,0.65327,0.97546,0.000591852,0.000591852,0.000591852
238,843.791,0.52492,0.30632,0.82073,0.73779,0.75674,0.79215,0.53761,0.97253,0.66728,0.98034,0.000589652,0.000589652,0.000589652
239,847.268,0.56403,0.32365,0.82319,0.7394,0.75227,0.7656,0.52089,0.97788,0.68026,0.98019,0.000587452,0.000587452,0.000587452
240,850.953,0.61048,0.34247,0.82574,0.70996,0.81235,0.78805,0.52762,0.97248,0.62575,0.97629,0.000585253,0.000585253,0.000585253
241,854.415,0.58038,0.33089,0.82391,0.73401,0.79678,0.79105,0.5415,0.9768,0.62044,0.98148,0.000583053,0.000583053,0.000583053
242,857.866,0.54689,0.3171,0.82537,0.74087,0.78637,0.78326,0.52251,0.97779,0.65868,0.98344,0.000580853,0.000580853,0.000580853
243,861.319,0.57136,0.33446,0.82185,0.73975,0.79459,0.73767,0.49693,0.97241,0.67314,0.98727,0.000578653,0.000578653,0.000578653
244,864.892,0.56981,0.3292,0.82073,0.74458,0.68802,0.72546,0.49186,0.98313,0.67552,0.98603,0.000576453,0.000576453,0.000576453
245,868.367,0.58347,0.32731,0.8235,0.73711,0.70782,0.74082,0.49683,0.97202,0.67605,0.97923,0.000574254,0.000574254,0.000574254
246,871.843,0.56607,0.32325,0.82411,0.71703,0.78539,0.78884,0.52464,0.96969,0.66884,0.97289,0.000572054,0.000572054,0.000572054
247,875.307,0.53945,0.31425,0.82315,0.70775,0.79046,0.77343,0.51897,0.96326,0.6482,0.97271,0.000569854,0.000569854,0.000569854
248,879.008,0.55068,0.31291,0.82015,0.70212,0.7642,0.77651,0.53127,0.96156,0.65412,0.97625,0.000567654,0.000567654,0.000567654
249,882.516,0.54536,0.30972,0.82959,0.70611,0.77519,0.777,0.52195,0.95925,0.65843,0.9789,0.000565455,0.000565455,0.000565455
250,885.991,0.54854,0.31597,0.81219,0.76098,0.73514,0.78661,0.52101,0.96186,0.67819,0.98296,0.000563255,0.000563255,0.000563255
251,889.482,0.56041,0.32056,0.82613,0.80291,0.7363,0.77732,0.51019,0.96094,0.68722,0.98874,0.000561055,0.000561055,0.000561055
252,893.14,0.55563,0.31645,0.81858,0.7404,0.78674,0.77953,0.52867,0.9546,0.67088,0.98377,0.000558855,0.000558855,0.000558855
253,896.591,0.54128,0.31132,0.81612,0.71121,0.82144,0.781,0.53086,0.96067,0.67846,0.98515,0.000556655,0.000556655,0.000556655
254,900.059,0.52995,0.30925,0.81857,0.71615,0.78665,0.77073,0.52307,0.9745,0.69016,0.99567,0.000554456,0.000554456,0.000554456
255,903.521,0.53394,0.30537,0.82019,0.71972,0.74108,0.7711,0.52096,0.97877,0.68449,0.99739,0.000552256,0.000552256,0.000552256
256,907.143,0.54302,0.30537,0.81829,0.74189,0.73572,0.77663,0.51983,0.97021,0.68095,0.99411,0.000550056,0.000550056,0.000550056
257,910.594,0.54385,0.31274,0.82105,0.74195,0.75217,0.77529,0.51216,0.9682,0.68191,0.98408,0.000547856,0.000547856,0.000547856
258,914.042,0.53425,0.31111,0.81535,0.72329,0.78823,0.78621,0.52729,0.96453,0.69125,0.9831,0.000545657,0.000545657,0.000545657
259,917.518,0.56412,0.31776,0.82351,0.74287,0.80847,0.79425,0.53962,0.9683,0.6927,0.98179,0.000543457,0.000543457,0.000543457
260,921.164,0.53611,0.31399,0.82543,0.7389,0.79893,0.79942,0.55472,0.97279,0.68294,0.98976,0.000541257,0.000541257,0.000541257
261,924.653,0.50325,0.30013,0.82327,0.76717,0.80665,0.78393,0.55201,0.96156,0.69049,0.98268,0.000539057,0.000539057,0.000539057
262,928.097,0.54187,0.31648,0.8243,0.75716,0.79092,0.75601,0.51234,0.96819,0.68257,0.98439,0.000536857,0.000536857,0.000536857
263,931.568,0.54972,0.3183,0.82178,0.75767,0.79087,0.76043,0.52267,0.97083,0.66289,0.9869,0.000534658,0.000534658,0.000534658
264,935.217,0.53537,0.30358,0.82269,0.77041,0.76327,0.75484,0.51407,0.97152,0.66164,0.98452,0.000532458,0.000532458,0.000532458
265,938.704,0.55471,0.3195,0.82034,0.77667,0.78732,0.76221,0.51511,0.96027,0.67138,0.97925,0.000530258,0.000530258,0.000530258
266,942.175,0.52189,0.29991,0.81704,0.74154,0.77905,0.74785,0.51308,0.94818,0.66785,0.97433,0.000528058,0.000528058,0.000528058
267,945.634,0.51947,0.30362,0.82184,0.74177,0.78336,0.77148,0.53269,0.94547,0.68024,0.97163,0.000525859,0.000525859,0.000525859
268,949.139,0.52564,0.30303,0.81337,0.7321,0.82268,0.78012,0.53304,0.95335,0.66283,0.97178,0.000523659,0.000523659,0.000523659
269,952.733,0.54519,0.3165,0.81091,0.7662,0.78139,0.77904,0.52671,0.94399,0.64779,0.9696,0.000521459,0.000521459,0.000521459
270,956.2,0.52899,0.30866,0.82404,0.7768,0.8092,0.78504,0.54688,0.93549,0.65713,0.96934,0.000519259,0.000519259,0.000519259
271,959.686,0.54008,0.32036,0.81822,0.77625,0.80722,0.79733,0.54538,0.94376,0.6453,0.97821,0.000517059,0.000517059,0.000517059
272,963.21,0.52947,0.30801,0.81633,0.75642,0.80308,0.79401,0.54709,0.95462,0.67523,0.98214,0.00051486,0.00051486,0.00051486
273,966.834,0.51912,0.29985,0.81118,0.7681,0.79474,0.79383,0.54715,0.95118,0.66795,0.97974,0.00051266,0.00051266,0.00051266
274,970.295,0.50186,0.29718,0.81285,0.78197,0.80691,0.81742,0.5576,0.95557,0.66613,0.98339,0.00051046,0.00051046,0.00051046
275,973.756,0.52672,0.30275,0.81395,0.7733,0.81864,0.81465,0.54929,0.95341,0.67746,0.98199,0.00050826,0.00050826,0.00050826
276,977.271,0.51385,0.30145,0.8152,0.79165,0.80632,0.8049,0.54675,0.96965,0.682,0.98823,0.00050606,0.00050606,0.00050606
277,980.898,0.51898,0.30514,0.8073,0.7612,0.81603,0.79804,0.53501,0.96903,0.67361,0.99006,0.000503861,0.000503861,0.000503861
278,984.362,0.52307,0.29744,0.80144,0.82809,0.73941,0.78136,0.52756,0.9676,0.67493,0.98821,0.000501661,0.000501661,0.000501661
279,987.831,0.52281,0.30489,0.81245,0.78646,0.77611,0.76444,0.52464,0.97592,0.68022,0.9912,0.000499461,0.000499461,0.000499461
280,991.332,0.52031,0.29649,0.81286,0.80115,0.74999,0.77546,0.53032,0.98472,0.67702,0.99716,0.000497261,0.000497261,0.000497261
281,994.935,0.51873,0.29882,0.80626,0.81142,0.74389,0.78918,0.5298,0.97866,0.66212,0.9944,0.000495062,0.000495062,0.000495062
282,998.413,0.49845,0.29346,0.80926,0.78179,0.72869,0.79507,0.53865,0.98081,0.66447,0.99034,0.000492862,0.000492862,0.000492862
283,1001.89,0.52001,0.30816,0.81647,0.78934,0.76118,0.79748,0.54717,0.96926,0.67742,0.98843,0.000490662,0.000490662,0.000490662
284,1005.41,0.51546,0.30237,0.8133,0.79011,0.75881,0.80635,0.55627,0.95798,0.67909,0.98233,0.000488462,0.000488462,0.000488462
285,1009.03,0.49712,0.28838,0.81641,0.80573,0.75788,0.80816,0.55383,0.96638,0.66934,0.98381,0.000486262,0.000486262,0.000486262
286,1012.5,0.509,0.2919,0.81205,0.78607,0.77261,0.81312,0.55202,0.96019,0.65545,0.98574,0.000484063,0.000484063,0.000484063
287,1015.96,0.50996,0.29874,0.81795,0.761,0.79557,0.81092,0.55656,0.95965,0.65596,0.98672,0.000481863,0.000481863,0.000481863
288,1019.45,0.49511,0.29341,0.8124,0.84131,0.70779,0.81667,0.55709,0.95337,0.6408,0.98774,0.000479663,0.000479663,0.000479663
289,1023.03,0.48991,0.28527,0.81485,0.76344,0.75617,0.82271,0.5672,0.95995,0.6443,0.98642,0.000477463,0.000477463,0.000477463
290,1026.71,0.4947,0.29179,0.80737,0.81755,0.7434,0.8251,0.56264,0.97154,0.64245,0.98671,0.000475264,0.000475264,0.000475264
291,1030.17,0.52459,0.30009,0.81267,0.82828,0.76502,0.81844,0.56191,0.96742,0.63822,0.98163,0.000473064,0.000473064,0.000473064
292,1033.66,0.51197,0.30486,0.81414,0.76762,0.78867,0.82055,0.56319,0.96321,0.64015,0.98294,0.000470864,0.000470864,0.000470864
293,1037.28,0.53511,0.30961,0.81939,0.7471,0.76474,0.82846,0.57317,0.95584,0.64248,0.98032,0.000468664,0.000468664,0.000468664
294,1040.97,0.51008,0.29765,0.8089,0.75443,0.75515,0.79439,0.56145,0.94775,0.63308,0.9783,0.000466464,0.000466464,0.000466464
295,1044.46,0.53815,0.31102,0.82055,0.75798,0.75088,0.77355,0.54704,0.96435,0.62724,0.98122,0.000464265,0.000464265,0.000464265
296,1047.97,0.49981,0.29461,0.80851,0.74932,0.76518,0.80109,0.55562,0.9594,0.65177,0.97689,0.000462065,0.000462065,0.000462065
297,1051.58,0.49008,0.28874,0.81013,0.69901,0.80169,0.79449,0.55624,0.95248,0.65954,0.97813,0.000459865,0.000459865,0.000459865
298,1055.06,0.5031,0.30025,0.80745,0.758,0.71242,0.79727,0.5606,0.94727,0.65957,0.97377,0.000457665,0.000457665,0.000457665
299,1058.53,0.49122,0.28787,0.80628,0.74007,0.71932,0.7928,0.55765,0.94666,0.6525,0.97371,0.000455466,0.000455466,0.000455466
300,1062.04,0.49856,0.28612,0.80661,0.75363,0.73761,0.79883,0.55707,0.94509,0.65117,0.97151,0.000453266,0.000453266,0.000453266
301,1065.64,0.50462,0.29194,0.80322,0.77308,0.75543,0.80285,0.56609,0.94632,0.6444,0.97114,0.000451066,0.000451066,0.000451066
302,1069.12,0.49427,0.2883,0.81725,0.77555,0.7324,0.78212,0.55036,0.94358,0.64735,0.97159,0.000448866,0.000448866,0.000448866
303,1072.56,0.4963,0.28795,0.81369,0.77861,0.73154,0.78673,0.55249,0.94659,0.66309,0.97627,0.000446666,0.000446666,0.000446666
304,1076.2,0.47904,0.28106,0.80503,0.75266,0.71751,0.76564,0.52673,0.96438,0.67804,0.98179,0.000444467,0.000444467,0.000444467
305,1079.66,0.46093,0.27122,0.80852,0.74392,0.78735,0.76739,0.51924,0.96206,0.68597,0.98403,0.000442267,0.000442267,0.000442267
306,1083.11,0.48049,0.28849,0.80763,0.77728,0.7261,0.75408,0.52005,0.96477,0.68651,0.97992,0.000440067,0.000440067,0.000440067
307,1086.55,0.47235,0.28213,0.80893,0.78545,0.72962,0.75314,0.52346,0.95878,0.6813,0.97916,0.000437867,0.000437867,0.000437867
308,1090.14,0.48965,0.28639,0.80978,0.71772,0.81729,0.77444,0.53932,0.96099,0.66793,0.98022,0.000435668,0.000435668,0.000435668
309,1093.61,0.48566,0.2885,0.81226,0.72525,0.82852,0.77328,0.53662,0.9592,0.66194,0.97849,0.000433468,0.000433468,0.000433468
310,1097.06,0.46616,0.28218,0.81154,0.78013,0.78562,0.77658,0.53285,0.95833,0.67153,0.97971,0.000431268,0.000431268,0.000431268
311,1100.53,0.51941,0.30944,0.8111,0.77717,0.79422,0.77857,0.53219,0.95283,0.68821,0.98174,0.000429068,0.000429068,0.000429068
312,1104.15,0.49323,0.28935,0.80602,0.78159,0.77826,0.77977,0.54042,0.95726,0.69254,0.9763,0.000426868,0.000426868,0.000426868
313,1107.6,0.48584,0.28578,0.80835,0.75505,0.7837,0.7941,0.54327,0.9565,0.69114,0.98026,0.000424669,0.000424669,0.000424669
314,1111.06,0.49408,0.28774,0.80564,0.7479,0.78296,0.8015,0.55184,0.95919,0.68968,0.98754,0.000422469,0.000422469,0.000422469
315,1114.56,0.46413,0.27872,0.81241,0.75753,0.77829,0.80319,0.55128,0.96266,0.68148,0.99052,0.000420269,0.000420269,0.000420269
316,1118.19,0.4686,0.27906,0.8126,0.70794,0.8277,0.77839,0.54718,0.95317,0.67348,0.98578,0.000418069,0.000418069,0.000418069
317,1121.66,0.48366,0.28014,0.80604,0.69339,0.83481,0.78559,0.54563,0.9546,0.69119,0.98075,0.00041587,0.00041587,0.00041587
318,1125.13,0.49231,0.28403,0.81359,0.71381,0.82151,0.78859,0.54297,0.95376,0.69336,0.98633,0.00041367,0.00041367,0.00041367
319,1128.64,0.47719,0.27535,0.80333,0.7405,0.80589,0.79794,0.54981,0.96295,0.69466,0.99038,0.00041147,0.00041147,0.00041147
320,1132.14,0.46133,0.27192,0.81167,0.7586,0.80375,0.78393,0.54137,0.96965,0.70257,0.99582,0.00040927,0.00040927,0.00040927
321,1135.75,0.5065,0.29269,0.80646,0.76403,0.80176,0.7844,0.53768,0.97293,0.70751,0.99101,0.00040707,0.00040707,0.00040707
322,1139.22,0.47212,0.27406,0.80744,0.74711,0.80723,0.80022,0.54531,0.97412,0.69172,0.99184,0.000404871,0.000404871,0.000404871
323,1142.69,0.46855,0.26822,0.8095,0.69933,0.81732,0.78687,0.53966,0.97345,0.69087,0.98118,0.000402671,0.000402671,0.000402671
324,1146.19,0.49965,0.2837,0.80807,0.69189,0.82075,0.77348,0.51753,0.97394,0.69907,0.97995,0.000400471,0.000400471,0.000400471
325,1149.79,0.47232,0.27909,0.8082,0.72814,0.72843,0.777,0.52802,0.97303,0.69344,0.97931,0.000398271,0.000398271,0.000398271
326,1153.23,0.46044,0.27215,0.80705,0.74364,0.79552,0.79954,0.5422,0.97483,0.68639,0.98404,0.000396071,0.000396071,0.000396071
327,1156.67,0.48693,0.28472,0.80059,0.74217,0.80241,0.79213,0.55995,0.97616,0.68713,0.9823,0.000393872,0.000393872,0.000393872
328,1160.31,0.49614,0.28797,0.81731,0.73031,0.78747,0.81118,0.57443,0.96683,0.67295,0.97216,0.000391672,0.000391672,0.000391672
329,1163.77,0.47579,0.27336,0.80982,0.75723,0.77136,0.81139,0.56352,0.96683,0.6846,0.97016,0.000389472,0.000389472,0.000389472
330,1167.25,0.45682,0.27255,0.80364,0.68942,0.8441,0.80927,0.5593,0.9506,0.67898,0.96193,0.000387272,0.000387272,0.000387272
331,1170.7,0.46646,0.27331,0.8059,0.68022,0.84731,0.80355,0.55464,0.93929,0.67197,0.96224,0.000385073,0.000385073,0.000385073
332,1174.2,0.45599,0.26305,0.80357,0.72231,0.81577,0.82266,0.56026,0.95177,0.67373,0.96957,0.000382873,0.000382873,0.000382873
333,1177.78,0.46676,0.27684,0.80809,0.73286,0.79666,0.80373,0.54333,0.9617,0.68549,0.97384,0.000380673,0.000380673,0.000380673
334,1181.23,0.447,0.26185,0.80733,0.75257,0.76985,0.79821,0.55562,0.95707,0.68973,0.97399,0.000378473,0.000378473,0.000378473
335,1184.73,0.46857,0.27724,0.80413,0.73893,0.72809,0.78777,0.54009,0.96632,0.69404,0.97667,0.000376273,0.000376273,0.000376273
336,1188.21,0.4688,0.27393,0.81138,0.7274,0.77945,0.8028,0.54906,0.96477,0.68896,0.98034,0.000374074,0.000374074,0.000374074
337,1191.81,0.47434,0.27764,0.81109,0.73512,0.75954,0.8053,0.54866,0.97249,0.68258,0.97852,0.000371874,0.000371874,0.000371874
338,1195.27,0.48662,0.27952,0.81176,0.75853,0.8265,0.80725,0.54684,0.969,0.68114,0.97991,0.000369674,0.000369674,0.000369674
339,1198.72,0.48235,0.27923,0.81681,0.74983,0.82459,0.81512,0.55851,0.95478,0.67372,0.97615,0.000367474,0.000367474,0.000367474
340,1202.21,0.47504,0.27909,0.80913,0.81266,0.75417,0.82288,0.56476,0.95311,0.66374,0.97662,0.000365275,0.000365275,0.000365275
341,1205.81,0.46857,0.27394,0.80917,0.8148,0.7615,0.81714,0.56441,0.95613,0.6766,0.9773,0.000363075,0.000363075,0.000363075
342,1209.29,0.47283,0.27609,0.81228,0.83199,0.73043,0.81355,0.55756,0.95784,0.67547,0.97485,0.000360875,0.000360875,0.000360875
343,1212.75,0.47959,0.28037,0.81829,0.81419,0.73749,0.79941,0.5483,0.96059,0.65724,0.97206,0.000358675,0.000358675,0.000358675
344,1216.24,0.47268,0.27348,0.80136,0.81387,0.78337,0.81731,0.56488,0.95998,0.65081,0.96944,0.000356475,0.000356475,0.000356475
345,1219.82,0.47027,0.28213,0.81161,0.78056,0.76768,0.82762,0.57984,0.96038,0.64733,0.97081,0.000354276,0.000354276,0.000354276
346,1223.5,0.46556,0.26939,0.80784,0.83184,0.71391,0.8316,0.57645,0.97736,0.64823,0.9771,0.000352076,0.000352076,0.000352076
347,1226.95,0.45709,0.27328,0.80329,0.75205,0.75838,0.82064,0.57517,0.96844,0.64043,0.98271,0.000349876,0.000349876,0.000349876
348,1230.44,0.4694,0.27539,0.80622,0.76201,0.76576,0.81731,0.56815,0.95903,0.64865,0.98015,0.000347676,0.000347676,0.000347676
349,1234.04,0.46958,0.27582,0.79994,0.80201,0.71085,0.80519,0.55855,0.96705,0.65814,0.98165,0.000345477,0.000345477,0.000345477
350,1237.49,0.48721,0.2784,0.80775,0.80649,0.70751,0.80667,0.55377,0.96896,0.67478,0.98072,0.000343277,0.000343277,0.000343277
351,1240.94,0.45367,0.26743,0.80186,0.81261,0.7035,0.80459,0.56064,0.96371,0.68072,0.97968,0.000341077,0.000341077,0.000341077
352,1244.58,0.46654,0.27409,0.80188,0.81719,0.72751,0.8086,0.56071,0.96531,0.68838,0.98227,0.000338877,0.000338877,0.000338877
353,1248.04,0.46621,0.27388,0.79947,0.80991,0.71249,0.80278,0.56329,0.95656,0.69096,0.97997,0.000336677,0.000336677,0.000336677
354,1251.53,0.43904,0.25837,0.8019,0.78808,0.71194,0.80399,0.56025,0.94969,0.6715,0.97412,0.000334478,0.000334478,0.000334478
355,1255.01,0.47154,0.27989,0.80982,0.74288,0.74187,0.81147,0.56437,0.94898,0.66663,0.97083,0.000332278,0.000332278,0.000332278
356,1258.55,0.46937,0.26996,0.80376,0.73643,0.81175,0.81013,0.56135,0.93974,0.67757,0.96924,0.000330078,0.000330078,0.000330078
357,1262.16,0.46265,0.26937,0.79932,0.72214,0.80008,0.79353,0.55207,0.94857,0.68842,0.96706,0.000327878,0.000327878,0.000327878
358,1265.68,0.47287,0.27557,0.80921,0.73471,0.82643,0.78997,0.54464,0.95448,0.70092,0.97214,0.000325679,0.000325679,0.000325679
359,1269.17,0.4599,0.27195,0.80304,0.72261,0.82774,0.77737,0.5357,0.95312,0.69452,0.97281,0.000323479,0.000323479,0.000323479
360,1272.7,0.43775,0.26104,0.79671,0.71935,0.82958,0.78047,0.53294,0.96318,0.68592,0.97589,0.000321279,0.000321279,0.000321279
361,1276.34,0.44881,0.26398,0.80269,0.71072,0.82721,0.78883,0.5343,0.96613,0.68092,0.97768,0.000319079,0.000319079,0.000319079
362,1279.82,0.43183,0.26195,0.80063,0.72478,0.83282,0.78144,0.52891,0.97388,0.6919,0.98138,0.000316879,0.000316879,0.000316879
363,1283.28,0.44915,0.2632,0.79938,0.72598,0.82535,0.78314,0.53002,0.96331,0.68916,0.9815,0.00031468,0.00031468,0.00031468
364,1286.78,0.43982,0.25511,0.80416,0.77555,0.75581,0.80748,0.55781,0.94687,0.66809,0.97984,0.00031248,0.00031248,0.00031248
365,1290.39,0.43768,0.26043,0.80964,0.78488,0.7128,0.81066,0.561,0.95351,0.65735,0.9783,0.00031028,0.00031028,0.00031028
366,1293.87,0.4383,0.25385,0.80405,0.79739,0.7171,0.81136,0.55717,0.96058,0.67116,0.98151,0.00030808,0.00030808,0.00030808
367,1297.38,0.46227,0.26472,0.80491,0.79092,0.72097,0.80655,0.55364,0.9635,0.68458,0.9811,0.000305881,0.000305881,0.000305881
368,1301,0.44253,0.26033,0.79513,0.79896,0.69018,0.80001,0.5529,0.96213,0.68083,0.97861,0.000303681,0.000303681,0.000303681
369,1304.49,0.45609,0.26439,0.80105,0.76884,0.72004,0.8031,0.56197,0.95595,0.67599,0.97889,0.000301481,0.000301481,0.000301481
370,1307.97,0.46112,0.26433,0.80595,0.78994,0.7227,0.80317,0.55094,0.95566,0.66876,0.97923,0.000299281,0.000299281,0.000299281
371,1311.43,0.42634,0.24572,0.79936,0.79467,0.71111,0.80684,0.56043,0.951,0.67561,0.98006,0.000297081,0.000297081,0.000297081
372,1315.06,0.4339,0.25768,0.80027,0.81613,0.6904,0.78362,0.54677,0.95279,0.68423,0.97975,0.000294882,0.000294882,0.000294882
373,1318.52,0.42848,0.25313,0.80896,0.81064,0.70717,0.7834,0.53879,0.9445,0.68216,0.97691,0.000292682,0.000292682,0.000292682
374,1321.99,0.44314,0.25748,0.80169,0.81149,0.7169,0.79431,0.54335,0.94521,0.67026,0.97595,0.000290482,0.000290482,0.000290482
375,1325.47,0.44069,0.2624,0.79946,0.812,0.72429,0.78655,0.53897,0.94871,0.67553,0.97419,0.000288282,0.000288282,0.000288282
376,1329.11,0.41792,0.24786,0.79539,0.8077,0.72234,0.80532,0.55651,0.95834,0.67927,0.97885,0.000286083,0.000286083,0.000286083
377,1332.57,0.43171,0.25799,0.79799,0.78047,0.72202,0.7964,0.55082,0.96208,0.68306,0.98153,0.000283883,0.000283883,0.000283883
378,1336.03,0.43033,0.25288,0.79795,0.78695,0.69684,0.77703,0.53603,0.95269,0.7003,0.98191,0.000281683,0.000281683,0.000281683
379,1339.51,0.44187,0.25857,0.79963,0.7432,0.76122,0.78148,0.53386,0.95382,0.71132,0.98281,0.000279483,0.000279483,0.000279483
380,1343.14,0.43559,0.25609,0.79895,0.75861,0.72722,0.77506,0.52622,0.94951,0.68281,0.98422,0.000277283,0.000277283,0.000277283
381,1346.59,0.42489,0.25703,0.80778,0.78377,0.69699,0.76477,0.52135,0.94636,0.67738,0.98258,0.000275084,0.000275084,0.000275084
382,1350.06,0.43222,0.25928,0.80032,0.79783,0.68164,0.76847,0.5313,0.94261,0.69439,0.98218,0.000272884,0.000272884,0.000272884
383,1353.52,0.40803,0.24545,0.79827,0.78725,0.68911,0.76533,0.53111,0.94764,0.72179,0.98197,0.000270684,0.000270684,0.000270684
384,1357.2,0.42257,0.25624,0.79949,0.72509,0.7732,0.76976,0.53264,0.94375,0.71302,0.97923,0.000268484,0.000268484,0.000268484
385,1360.67,0.42338,0.25061,0.79919,0.71755,0.77462,0.77498,0.53743,0.94178,0.69502,0.97433,0.000266284,0.000266284,0.000266284
386,1364.12,0.40993,0.24369,0.79992,0.7062,0.76013,0.77192,0.53809,0.94561,0.68382,0.97403,0.000264085,0.000264085,0.000264085
387,1367.58,0.42229,0.25033,0.80655,0.74204,0.77918,0.78102,0.53779,0.94733,0.68157,0.9755,0.000261885,0.000261885,0.000261885
388,1371.23,0.44682,0.26602,0.80209,0.7482,0.8321,0.81231,0.54785,0.94862,0.67858,0.97764,0.000259685,0.000259685,0.000259685
389,1374.76,0.43388,0.25738,0.8065,0.74081,0.80446,0.80981,0.54337,0.95353,0.67869,0.97967,0.000257485,0.000257485,0.000257485
390,1378.25,0.43806,0.25515,0.80358,0.74481,0.77708,0.81034,0.54632,0.96094,0.7039,0.98228,0.000255286,0.000255286,0.000255286
391,1381.73,0.42597,0.2517,0.79858,0.73653,0.75765,0.8042,0.55681,0.96451,0.72273,0.98563,0.000253086,0.000253086,0.000253086
392,1385.36,0.43048,0.24748,0.79619,0.74647,0.765,0.80936,0.56289,0.97326,0.73473,0.98705,0.000250886,0.000250886,0.000250886
393,1388.84,0.43935,0.25485,0.79697,0.71349,0.73916,0.80471,0.55569,0.96547,0.73381,0.98869,0.000248686,0.000248686,0.000248686
394,1392.3,0.42506,0.24818,0.79678,0.70238,0.79375,0.80753,0.56286,0.96439,0.72912,0.98677,0.000246486,0.000246486,0.000246486
395,1395.76,0.41465,0.2504,0.79083,0.7136,0.7985,0.80891,0.5593,0.96711,0.71888,0.98432,0.000244287,0.000244287,0.000244287
396,1399.28,0.40948,0.24577,0.7957,0.74414,0.78707,0.8011,0.5486,0.96857,0.71542,0.9841,0.000242087,0.000242087,0.000242087
397,1402.9,0.41304,0.24248,0.79578,0.74475,0.79136,0.80132,0.54993,0.9658,0.70798,0.98381,0.000239887,0.000239887,0.000239887
398,1406.36,0.40198,0.24588,0.80088,0.72963,0.76896,0.79197,0.53132,0.96551,0.70987,0.98326,0.000237687,0.000237687,0.000237687
399,1409.84,0.41696,0.24786,0.79729,0.7843,0.71838,0.80115,0.54066,0.96727,0.70556,0.98319,0.000235488,0.000235488,0.000235488
400,1413.33,0.39266,0.24299,0.79501,0.77992,0.72573,0.80582,0.55204,0.96173,0.70804,0.98441,0.000233288,0.000233288,0.000233288
401,1416.95,0.40593,0.24806,0.79824,0.76666,0.73161,0.79777,0.53992,0.96192,0.7131,0.9834,0.000231088,0.000231088,0.000231088
402,1420.42,0.40061,0.23627,0.79334,0.77403,0.73502,0.80612,0.5503,0.95456,0.71405,0.98171,0.000228888,0.000228888,0.000228888
403,1423.88,0.3958,0.2407,0.79081,0.75383,0.74046,0.81203,0.55351,0.95643,0.71442,0.9848,0.000226688,0.000226688,0.000226688
404,1427.39,0.41584,0.24504,0.7979,0.76316,0.78506,0.82006,0.56249,0.95882,0.69636,0.98961,0.000224489,0.000224489,0.000224489
405,1431.01,0.40134,0.23592,0.79557,0.75158,0.75086,0.81391,0.55961,0.96277,0.70452,0.99303,0.000222289,0.000222289,0.000222289
406,1434.48,0.41191,0.24424,0.79308,0.75132,0.74919,0.81464,0.55968,0.96266,0.70828,0.99405,0.000220089,0.000220089,0.000220089
407,1437.93,0.41766,0.24735,0.79958,0.71029,0.78884,0.81224,0.56491,0.96161,0.70688,0.99299,0.000217889,0.000217889,0.000217889
408,1441.44,0.40097,0.23822,0.80222,0.7415,0.78775,0.81739,0.57183,0.95491,0.71123,0.98442,0.00021569,0.00021569,0.00021569
409,1445.04,0.41911,0.24719,0.79876,0.73672,0.7881,0.81804,0.57194,0.95421,0.70382,0.98024,0.00021349,0.00021349,0.00021349
410,1448.47,0.41487,0.24282,0.80033,0.72258,0.79423,0.81982,0.57255,0.95113,0.69711,0.97939,0.00021129,0.00021129,0.00021129
411,1451.94,0.39129,0.23119,0.79621,0.76719,0.71077,0.80985,0.56667,0.94802,0.69169,0.98224,0.00020909,0.00020909,0.00020909
412,1455.43,0.39229,0.23475,0.79969,0.76225,0.73032,0.79032,0.55002,0.95095,0.70939,0.98232,0.00020689,0.00020689,0.00020689
413,1459.03,0.40893,0.24741,0.79718,0.74203,0.75462,0.79906,0.55908,0.94558,0.70705,0.97922,0.000204691,0.000204691,0.000204691
414,1462.47,0.38652,0.23368,0.7939,0.72527,0.77632,0.81509,0.5738,0.94802,0.72262,0.98069,0.000202491,0.000202491,0.000202491
415,1465.93,0.40237,0.24148,0.79893,0.71294,0.78351,0.81272,0.56862,0.9545,0.73148,0.98223,0.000200291,0.000200291,0.000200291
416,1469.56,0.42007,0.23951,0.79886,0.70325,0.79541,0.81894,0.57676,0.95612,0.70163,0.98049,0.000198091,0.000198091,0.000198091
417,1473.02,0.41538,0.24254,0.79029,0.70234,0.83382,0.82149,0.57272,0.95291,0.68712,0.98082,0.000195892,0.000195892,0.000195892
418,1476.48,0.40553,0.24237,0.79511,0.68557,0.81265,0.81939,0.57094,0.94982,0.68126,0.98173,0.000193692,0.000193692,0.000193692
419,1479.95,0.38101,0.2294,0.79836,0.75591,0.73411,0.81251,0.56498,0.94796,0.6777,0.98394,0.000191492,0.000191492,0.000191492
420,1483.45,0.38788,0.23672,0.79572,0.7394,0.73683,0.81888,0.56338,0.9471,0.6872,0.98716,0.000189292,0.000189292,0.000189292
421,1487.06,0.40208,0.2354,0.79233,0.73954,0.73359,0.81356,0.56445,0.94662,0.69734,0.98707,0.000187092,0.000187092,0.000187092
422,1490.55,0.39513,0.23715,0.7915,0.71626,0.76262,0.81155,0.55932,0.9511,0.70122,0.98955,0.000184893,0.000184893,0.000184893
423,1494.06,0.40556,0.23473,0.80015,0.7065,0.7657,0.81336,0.56126,0.95528,0.70347,0.9904,0.000182693,0.000182693,0.000182693
424,1497.58,0.38458,0.22933,0.79329,0.70457,0.79676,0.8161,0.55909,0.95961,0.70901,0.98915,0.000180493,0.000180493,0.000180493
425,1501.2,0.40463,0.23591,0.79388,0.70175,0.80233,0.81692,0.56824,0.9519,0.71727,0.98927,0.000178293,0.000178293,0.000178293
426,1504.69,0.4053,0.24359,0.79361,0.72581,0.76455,0.81323,0.5686,0.95209,0.71372,0.98817,0.000176094,0.000176094,0.000176094
427,1508.16,0.4015,0.23975,0.79826,0.7195,0.77502,0.80689,0.55537,0.95489,0.69774,0.98815,0.000173894,0.000173894,0.000173894
428,1511.7,0.39316,0.23647,0.79337,0.71315,0.81117,0.81305,0.55847,0.95469,0.69051,0.98704,0.000171694,0.000171694,0.000171694
429,1515.3,0.41681,0.24499,0.79841,0.74571,0.76145,0.81825,0.5657,0.95945,0.69356,0.98802,0.000169494,0.000169494,0.000169494
430,1518.75,0.39209,0.23328,0.80019,0.74316,0.78866,0.82126,0.5681,0.96016,0.70646,0.9887,0.000167294,0.000167294,0.000167294
431,1522.2,0.38889,0.23189,0.79349,0.72155,0.80063,0.80826,0.55679,0.95738,0.7181,0.98784,0.000165095,0.000165095,0.000165095
432,1525.83,0.39407,0.23218,0.79461,0.73751,0.73838,0.80773,0.55689,0.95461,0.71783,0.98864,0.000162895,0.000162895,0.000162895
433,1529.31,0.38052,0.22381,0.79275,0.74191,0.73658,0.80838,0.56062,0.95588,0.71802,0.98635,0.000160695,0.000160695,0.000160695
434,1532.75,0.3813,0.22887,0.79267,0.74294,0.73809,0.81232,0.56366,0.95822,0.70434,0.98624,0.000158495,0.000158495,0.000158495
435,1536.23,0.401,0.23566,0.79435,0.74381,0.74325,0.81163,0.56057,0.95642,0.70033,0.9862,0.000156295,0.000156295,0.000156295
436,1539.89,0.40096,0.2346,0.80029,0.74443,0.74678,0.81456,0.56698,0.95028,0.69455,0.98469,0.000154096,0.000154096,0.000154096
437,1543.34,0.37509,0.23049,0.79013,0.74797,0.76958,0.81871,0.57031,0.95146,0.69825,0.98625,0.000151896,0.000151896,0.000151896
438,1546.8,0.38419,0.22538,0.79193,0.75727,0.76237,0.81576,0.56831,0.95259,0.70201,0.98789,0.000149696,0.000149696,0.000149696
439,1550.27,0.37942,0.2258,0.78927,0.73899,0.76077,0.81762,0.56428,0.958,0.71475,0.98932,0.000147496,0.000147496,0.000147496
440,1553.88,0.37368,0.22226,0.79269,0.7537,0.7541,0.80773,0.56071,0.96083,0.72072,0.98721,0.000145297,0.000145297,0.000145297
441,1557.33,0.37816,0.22288,0.79125,0.72787,0.80022,0.80185,0.54659,0.95735,0.71124,0.98504,0.000143097,0.000143097,0.000143097
442,1560.81,0.38051,0.22535,0.79282,0.72475,0.80148,0.8022,0.54781,0.95471,0.70959,0.98675,0.000140897,0.000140897,0.000140897
443,1564.28,0.37072,0.22166,0.79115,0.72639,0.80295,0.8014,0.54733,0.95679,0.70273,0.98791,0.000138697,0.000138697,0.000138697
444,1567.92,0.36376,0.22212,0.79545,0.7622,0.76048,0.80757,0.55046,0.95843,0.70726,0.99011,0.000136497,0.000136497,0.000136497
445,1571.4,0.39198,0.23813,0.79456,0.76017,0.75319,0.81436,0.56059,0.9587,0.71823,0.9898,0.000134298,0.000134298,0.000134298
